INSERT INTO KConfiguration (UID, KautschInstallationUID) VALUES ('000001:0001:000001', '000001');
INSERT INTO KObjectUID (UID, ObjectUID, TableName) VALUES ('000001:0008:000001', '0001', 'KConfiguration');
INSERT INTO KObjectUID (UID, ObjectUID, TableName) VALUES ('000001:0008:000002', '0002', 'KFile');
INSERT INTO KObjectUID (UID, ObjectUID, TableName) VALUES ('000001:0008:000003', '0003', 'KGame');
INSERT INTO KObjectUID (UID, ObjectUID, TableName) VALUES ('000001:0008:000004', '0004', 'KLink');
INSERT INTO KObjectUID (UID, ObjectUID, TableName) VALUES ('000001:0008:000005', '0005', 'KGameVersion');
INSERT INTO KObjectUID (UID, ObjectUID, TableName) VALUES ('000001:0008:000006', '0006', 'KObject2MediaTag');
INSERT INTO KObjectUID (UID, ObjectUID, TableName) VALUES ('000001:0008:000007', '0007', 'KObject2Tag');
INSERT INTO KObjectUID (UID, ObjectUID, TableName) VALUES ('000001:0008:000008', '0008', 'KObjectUID');
INSERT INTO KObjectUID (UID, ObjectUID, TableName) VALUES ('000001:0008:000009', '0009', 'KPicture');
INSERT INTO KObjectUID (UID, ObjectUID, TableName) VALUES ('000001:0008:000010', '0010', 'KOrganisation');
INSERT INTO KObjectUID (UID, ObjectUID, TableName) VALUES ('000001:0008:000011', '0011', 'KRuntime');
INSERT INTO KObjectUID (UID, ObjectUID, TableName) VALUES ('000001:0008:000012', '0012', 'KGameVariation');
INSERT INTO KObjectUID (UID, ObjectUID, TableName) VALUES ('000001:0008:000013', '0013', 'KSetup');
INSERT INTO KObjectUID (UID, ObjectUID, TableName) VALUES ('000001:0008:000014', '0014', 'KSupportedObjectMediaTag');
INSERT INTO KObjectUID (UID, ObjectUID, TableName) VALUES ('000001:0008:000015', '0015', 'KSystem');
INSERT INTO KObjectUID (UID, ObjectUID, TableName) VALUES ('000001:0008:000016', '0016', 'KTag');
INSERT INTO KObjectUID (UID, ObjectUID, TableName) VALUES ('000001:0008:000017', '0017', 'KTagCategory');
INSERT INTO KObjectUID (UID, ObjectUID, TableName) VALUES ('000001:0008:000018', '0018', 'KTranslation');
INSERT INTO KObjectUID (UID, ObjectUID, TableName) VALUES ('000001:0008:000019', '0019', 'KVideo');
INSERT INTO KTagCategory (UID, Name) VALUES ('000001:0017:000001', 'Players');
INSERT INTO KTagCategory (UID, Name) VALUES ('000001:0017:000002', 'Objects');
INSERT INTO KTag (UID, Name, TagCategoryUID) VALUES ('000001:0016:000001', '1 Player', '000001:0017:000001');
INSERT INTO KTag (UID, Name, TagCategoryUID) VALUES ('000001:0016:000002', '2 Players', '000001:0017:000001');
INSERT INTO KTag (UID, Name, TagCategoryUID) VALUES ('000001:0016:000003', '3 Players', '000001:0017:000001');
INSERT INTO KTag (UID, Name, TagCategoryUID) VALUES ('000001:0016:000004', '4 Players', '000001:0017:000001');
INSERT INTO KTag (UID, Name, TagCategoryUID) VALUES ('000001:0016:000005', '5 Players', '000001:0017:000001');
INSERT INTO KTag (UID, Name, TagCategoryUID) VALUES ('000001:0016:000006', '6 Players', '000001:0017:000001');
INSERT INTO KTag (UID, Name, TagCategoryUID) VALUES ('000001:0016:000007', '7 Players', '000001:0017:000001');
INSERT INTO KTag (UID, Name, TagCategoryUID) VALUES ('000001:0016:000008', '8 Players', '000001:0017:000001');
INSERT INTO KTag (UID, Name, TagCategoryUID) VALUES ('000001:0016:000009', 'Others', '000001:0017:000002');
INSERT INTO KTag (UID, Name, TagCategoryUID) VALUES ('000001:0016:000010', 'Title', '000001:0017:000002');
INSERT INTO KTag (UID, Name, TagCategoryUID) VALUES ('000001:0016:000011', 'Screenshot 1', '000001:0017:000002');
INSERT INTO KTag (UID, Name, TagCategoryUID) VALUES ('000001:0016:000012', 'Screenshot 2', '000001:0017:000002');
INSERT INTO KTag (UID, Name, TagCategoryUID) VALUES ('000001:0016:000013', 'Screenshot 3', '000001:0017:000002');
INSERT INTO KTag (UID, Name, TagCategoryUID) VALUES ('000001:0016:000014', 'Disk 1', '000001:0017:000002');
INSERT INTO KTag (UID, Name, TagCategoryUID) VALUES ('000001:0016:000015', 'Disk 2', '000001:0017:000002');
INSERT INTO KTag (UID, Name, TagCategoryUID) VALUES ('000001:0016:000016', 'Disk 3', '000001:0017:000002');
INSERT INTO KTag (UID, Name, TagCategoryUID) VALUES ('000001:0016:000017', 'Disk 4', '000001:0017:000002');
INSERT INTO KTag (UID, Name, TagCategoryUID) VALUES ('000001:0016:000018', 'Disk 5', '000001:0017:000002');
INSERT INTO KTag (UID, Name, TagCategoryUID) VALUES ('000001:0016:000019', 'Disk 6', '000001:0017:000002');
INSERT INTO KTag (UID, Name, TagCategoryUID) VALUES ('000001:0016:000020', 'Disk 7', '000001:0017:000002');
INSERT INTO KTag (UID, Name, TagCategoryUID) VALUES ('000001:0016:000021', 'Disk 8', '000001:0017:000002');
INSERT INTO KTag (UID, Name, TagCategoryUID) VALUES ('000001:0016:000022', 'Disk 9', '000001:0017:000002');
INSERT INTO KTag (UID, Name, TagCategoryUID) VALUES ('000001:0016:000023', 'Disk 10', '000001:0017:000002');
INSERT INTO KTag (UID, Name, TagCategoryUID) VALUES ('000001:0016:000024', 'Disk 11', '000001:0017:000002');
INSERT INTO KTag (UID, Name, TagCategoryUID) VALUES ('000001:0016:000025', 'Disk 12', '000001:0017:000002');
INSERT INTO KTag (UID, Name, TagCategoryUID) VALUES ('000001:0016:000026', 'Disk 13', '000001:0017:000002');
INSERT INTO KTag (UID, Name, TagCategoryUID) VALUES ('000001:0016:000027', 'Disk 14', '000001:0017:000002');
INSERT INTO KTag (UID, Name, TagCategoryUID) VALUES ('000001:0016:000028', 'Disk 15', '000001:0017:000002');
INSERT INTO KTag (UID, Name, TagCategoryUID) VALUES ('000001:0016:000029', 'Disk 16', '000001:0017:000002');
INSERT INTO KTag (UID, Name, TagCategoryUID) VALUES ('000001:0016:000030', 'Disk 17', '000001:0017:000002');
INSERT INTO KTag (UID, Name, TagCategoryUID) VALUES ('000001:0016:000031', 'Disk 18', '000001:0017:000002');
INSERT INTO KTag (UID, Name, TagCategoryUID) VALUES ('000001:0016:000032', 'Disk 19', '000001:0017:000002');
INSERT INTO KTag (UID, Name, TagCategoryUID) VALUES ('000001:0016:000033', 'Disk 20', '000001:0017:000002');
INSERT INTO KTag (UID, Name, TagCategoryUID) VALUES ('000001:0016:000034', 'OS1', '000001:0017:000002');
INSERT INTO KTag (UID, Name, TagCategoryUID) VALUES ('000001:0016:000035', 'OS3', '000001:0017:000002');
INSERT INTO KTag (UID, Name, TagCategoryUID) VALUES ('000001:0016:000036', 'OS4', '000001:0017:000002');
INSERT INTO KTag (UID, Name, TagCategoryUID) VALUES ('000001:0016:000037', 'OS4', '000001:0017:000002');
INSERT INTO KTag (UID, Name, TagCategoryUID) VALUES ('000001:0016:000038', 'OS5', '000001:0017:000002');
INSERT INTO KTag (UID, Name, TagCategoryUID) VALUES ('000001:0016:000039', 'Configuration1', '000001:0017:000002');
INSERT INTO KTag (UID, Name, TagCategoryUID) VALUES ('000001:0016:000040', 'Configuration2', '000001:0017:000002');
INSERT INTO KTag (UID, Name, TagCategoryUID) VALUES ('000001:0016:000041', 'Configuration3', '000001:0017:000002');
INSERT INTO KTag (UID, Name, TagCategoryUID) VALUES ('000001:0016:000042', 'Configuration4', '000001:0017:000002');
INSERT INTO KTag (UID, Name, TagCategoryUID) VALUES ('000001:0016:000043', 'Configuration5', '000001:0017:000002');
INSERT INTO KSupportedObjectMediaTag (UID, ObjectUID, TagUID, OrderNr, IsMulti) VALUES ('000001:0014:000001', '0009', '000001:0016:000009', 999, 1);
INSERT INTO KSupportedObjectMediaTag (UID, ObjectUID, TagUID, OrderNr, IsMulti) VALUES ('000001:0014:000002', '0009', '000001:0016:000010', 0, 0);
INSERT INTO KSupportedObjectMediaTag (UID, ObjectUID, TagUID, OrderNr, IsMulti) VALUES ('000001:0014:000003', '0009', '000001:0016:000011', 1, 0);
INSERT INTO KSupportedObjectMediaTag (UID, ObjectUID, TagUID, OrderNr, IsMulti) VALUES ('000001:0014:000004', '0009', '000001:0016:000012', 2, 0);
INSERT INTO KSupportedObjectMediaTag (UID, ObjectUID, TagUID, OrderNr, IsMulti) VALUES ('000001:0014:000005', '0009', '000001:0016:000013', 3, 0);
INSERT INTO KSupportedObjectMediaTag (UID, ObjectUID, TagUID, OrderNr, IsMulti) VALUES ('000001:0014:000007', '0002', '000001:0016:000009', 999, 1);
INSERT INTO KSupportedObjectMediaTag (UID, ObjectUID, TagUID, OrderNr, IsMulti) VALUES ('000001:0014:000008', '0002', '000001:0016:000014', 0, 0);
INSERT INTO KSupportedObjectMediaTag (UID, ObjectUID, TagUID, OrderNr, IsMulti) VALUES ('000001:0014:000009', '0002', '000001:0016:000015', 1, 0);
INSERT INTO KSupportedObjectMediaTag (UID, ObjectUID, TagUID, OrderNr, IsMulti) VALUES ('000001:0014:000010', '0002', '000001:0016:000016', 2, 0);
INSERT INTO KSupportedObjectMediaTag (UID, ObjectUID, TagUID, OrderNr, IsMulti) VALUES ('000001:0014:000011', '0002', '000001:0016:000017', 3, 0);
INSERT INTO KSupportedObjectMediaTag (UID, ObjectUID, TagUID, OrderNr, IsMulti) VALUES ('000001:0014:000012', '0002', '000001:0016:000018', 4, 0);
INSERT INTO KSupportedObjectMediaTag (UID, ObjectUID, TagUID, OrderNr, IsMulti) VALUES ('000001:0014:000013', '0002', '000001:0016:000019', 5, 0);
INSERT INTO KSupportedObjectMediaTag (UID, ObjectUID, TagUID, OrderNr, IsMulti) VALUES ('000001:0014:000014', '0002', '000001:0016:000020', 6, 0);
INSERT INTO KSupportedObjectMediaTag (UID, ObjectUID, TagUID, OrderNr, IsMulti) VALUES ('000001:0014:000015', '0002', '000001:0016:000021', 7, 0);
INSERT INTO KSupportedObjectMediaTag (UID, ObjectUID, TagUID, OrderNr, IsMulti) VALUES ('000001:0014:000016', '0002', '000001:0016:000022', 8, 0);
INSERT INTO KSupportedObjectMediaTag (UID, ObjectUID, TagUID, OrderNr, IsMulti) VALUES ('000001:0014:000017', '0002', '000001:0016:000023', 9, 0);
INSERT INTO KSupportedObjectMediaTag (UID, ObjectUID, TagUID, OrderNr, IsMulti) VALUES ('000001:0014:000018', '0002', '000001:0016:000024', 10, 0);
INSERT INTO KSupportedObjectMediaTag (UID, ObjectUID, TagUID, OrderNr, IsMulti) VALUES ('000001:0014:000019', '0002', '000001:0016:000025', 11, 0);
INSERT INTO KSupportedObjectMediaTag (UID, ObjectUID, TagUID, OrderNr, IsMulti) VALUES ('000001:0014:000020', '0002', '000001:0016:000026', 12, 0);
INSERT INTO KSupportedObjectMediaTag (UID, ObjectUID, TagUID, OrderNr, IsMulti) VALUES ('000001:0014:000021', '0002', '000001:0016:000027', 13, 0);
INSERT INTO KSupportedObjectMediaTag (UID, ObjectUID, TagUID, OrderNr, IsMulti) VALUES ('000001:0014:000022', '0002', '000001:0016:000028', 14, 0);
INSERT INTO KSupportedObjectMediaTag (UID, ObjectUID, TagUID, OrderNr, IsMulti) VALUES ('000001:0014:000023', '0002', '000001:0016:000029', 15, 0);
INSERT INTO KSupportedObjectMediaTag (UID, ObjectUID, TagUID, OrderNr, IsMulti) VALUES ('000001:0014:000024', '0002', '000001:0016:000030', 16, 0);
INSERT INTO KSupportedObjectMediaTag (UID, ObjectUID, TagUID, OrderNr, IsMulti) VALUES ('000001:0014:000025', '0002', '000001:0016:000031', 17, 0);
INSERT INTO KSupportedObjectMediaTag (UID, ObjectUID, TagUID, OrderNr, IsMulti) VALUES ('000001:0014:000026', '0002', '000001:0016:000032', 18, 0);
INSERT INTO KSupportedObjectMediaTag (UID, ObjectUID, TagUID, OrderNr, IsMulti) VALUES ('000001:0014:000027', '0002', '000001:0016:000033', 19, 0);
INSERT INTO KSupportedObjectMediaTag (UID, ObjectUID, TagUID, OrderNr, IsMulti) VALUES ('000001:0014:000028', '0004', '000001:0016:000009', 999, 1);
INSERT INTO KSupportedObjectMediaTag (UID, ObjectUID, TagUID, OrderNr, IsMulti) VALUES ('000001:0014:000029', '0019', '000001:0016:000009', 999, 1);
INSERT INTO KSupportedObjectMediaTag (UID, ObjectUID, TagUID, OrderNr, IsMulti) VALUES ('000001:0014:000030', '0011', '000001:0016:000009', 999, 1);
INSERT INTO KSupportedObjectMediaTag (UID, ObjectUID, TagUID, OrderNr, IsMulti) VALUES ('000001:0014:000031', '0011', '000001:0016:000034', 0, 0);
INSERT INTO KSupportedObjectMediaTag (UID, ObjectUID, TagUID, OrderNr, IsMulti) VALUES ('000001:0014:000032', '0011', '000001:0016:000035', 1, 0);
INSERT INTO KSupportedObjectMediaTag (UID, ObjectUID, TagUID, OrderNr, IsMulti) VALUES ('000001:0014:000033', '0011', '000001:0016:000036', 2, 0);
INSERT INTO KSupportedObjectMediaTag (UID, ObjectUID, TagUID, OrderNr, IsMulti) VALUES ('000001:0014:000034', '0011', '000001:0016:000037', 3, 0);
INSERT INTO KSupportedObjectMediaTag (UID, ObjectUID, TagUID, OrderNr, IsMulti) VALUES ('000001:0014:000035', '0011', '000001:0016:000038', 4, 0);
INSERT INTO KSupportedObjectMediaTag (UID, ObjectUID, TagUID, OrderNr, IsMulti) VALUES ('000001:0014:000036', '0011', '000001:0016:000039', 5, 0);
INSERT INTO KSupportedObjectMediaTag (UID, ObjectUID, TagUID, OrderNr, IsMulti) VALUES ('000001:0014:000037', '0011', '000001:0016:000040', 6, 0);
INSERT INTO KSupportedObjectMediaTag (UID, ObjectUID, TagUID, OrderNr, IsMulti) VALUES ('000001:0014:000038', '0011', '000001:0016:000041', 7, 0);
INSERT INTO KSupportedObjectMediaTag (UID, ObjectUID, TagUID, OrderNr, IsMulti) VALUES ('000001:0014:000039', '0011', '000001:0016:000042', 8, 0);
INSERT INTO KSupportedObjectMediaTag (UID, ObjectUID, TagUID, OrderNr, IsMulti) VALUES ('000001:0014:000040', '0011', '000001:0016:000043', 9, 0);
INSERT INTO KRuntime (UID, Name) VALUES ('000001:0011:000001', 'Undefined');
INSERT INTO KSystem (UID, Name) VALUES ('000001:0015:000001', 'Undefined');
INSERT INTO KSetup (UID, Name,SystemUID,RuntimeUID,Configuration) VALUES ('000001:0013:000001', 'Undefined','000001:0015:000001','000001:0011:000001','');
